artist,total
Iron Maiden,138.6
U2,105.93
Metallica,90.0899999999999
Led Zeppelin,86.1299999999999
Lost,81.59
